feature,odds_ratio,p_value,coefficient
rs6815735,0.20189651799478464,0.037469700994842814,-1.59999999999936
rs298173,0.20189651799478464,0.03993906967349026,-1.59999999999936
rs7334739,0.20189651799478464,0.034899119828708525,-1.59999999999936
rs6765231,4.953032424391944,0.046092620823716235,1.59999999999936
rs1259552033,4.953032424391944,0.046284890268348367,1.59999999999936
rs35649980,0.20189651799478464,0.03507572806520698,-1.59999999999936
rs9908320,4.953032424391944,0.0435316828400687,1.59999999999936
rs11663928,1.1487714533376154,1.021405182655144e-14,0.13869306988888572
rs79874033,1.1487714533376154,1.021405182655144e-14,0.13869306988888572
rs2039594649,1.1487714533376154,1.021405182655144e-14,0.13869306988888572
rs540286157,1.1434378970938248,1.021405182655144e-14,0.13403942351207182
rs1241184713,1.1434378970938248,1.021405182655144e-14,0.13403942351207182
rs2728688,1.1434378970938248,1.021405182655144e-14,0.13403942351207182
rs112217170,1.1119668530242037,1.021405182655144e-14,0.10613038695263903
rs2676417,1.1119668530242037,1.021405182655144e-14,0.10613038695263903
rs28736685,1.1119668530242037,1.021405182655144e-14,0.10613038695263903
rs1663800581,1.0046927599162396,1.021405182655144e-14,0.004681783245614594
rs1557395390,1.0046927599162396,1.021405182655144e-14,0.004681783245614594
rs4669840,1.0046927599162396,1.021405182655144e-14,0.004681783245614594
rs6718645,0.9962545891718514,1.021405182655144e-14,-0.0037524424422979564
rs6060567,0.9962545891718514,1.021405182655144e-14,-0.0037524424422979564
rs1962782526,0.9962545891718514,1.021405182655144e-14,-0.0037524424422979564
rs337552,0.9962545891718514,1.021405182655144e-14,-0.0037524424422979564
rs71278719,0.9962545891718514,1.021405182655144e-14,-0.0037524424422979564
rs75763606,0.9999943595933903,1.021405182655144e-14,-5.640422516846508e-06
rs2083726,0.9999943595933903,1.021405182655144e-14,-5.640422516846508e-06
rs9369551,0.9999943595933903,1.021405182655144e-14,-5.640422516846508e-06
rs60358286,0.9999943595933903,1.021405182655144e-14,-5.640422516846508e-06
rs7395513,0.9999943595933903,1.021405182655144e-14,-5.640422516846508e-06
