Clones,Percentage,Clonal.count.prop
1,16.7,2.7085590465872155e-4
1,65,0.006289308176100629
