"","Estimator","SD","Conf.95.lo","Conf.95.hi"
"PT11_filtered_contig_annotations",3555.29311121117,943.098988652818,2168.65381887893,5982.58650627261
"PT35_filtered_contig_annotations",805.867939861845,214.782171975844,501.74874436265,1377.48914825069
"PT47_filtered_contig_annotations",1849.01886792453,1841.97802768322,401.567745912403,9539.96262632689
"PT50_filtered_contig_annotations",5287.36359223301,1142.22569512823,3517.94711697334,8091.44278362498
"PT52_filtered_contig_annotations",438.420233463035,152.893877543176,231.567734261957,861.846337587875
"PT53_filtered_contig_annotations",2332.12990196078,1645.6196014706,712.767383828291,8217.06511330052
"PT55_filtered_contig_annotations",98.5,46.9089201661369,44.5971129454867,247.363520692995
"PT56_filtered_contig_annotations",23821.2474670427,2141.99947049946,20018.7341291968,28448.0298069157
