feature,odds_ratio,p_value,coefficient
rs7334739,4.953032424391944,0.0315806239333285,1.59999999999936
rs1259552033,4.953032424391944,0.023013778882881253,1.59999999999936
rs6815735,0.24089060802077772,0.04482307198512059,-1.4234123571666655
rs298173,0.24089060802077772,0.047546642015927176,-1.4234123571666655
rs6765231,0.24089060802077772,0.043198928847253626,-1.4234123571666655
rs35649980,0.24089060802077772,0.0461417529586563,-1.4234123571666655
rs13303177,1.5093511262290753,0.0011060019738742266,0.41167984074262176
rs79874033,1.5093511262290753,0.0011060019738742266,0.41167984074262176
rs188068852,1.3667738065502255,0.0011060019738740046,0.31245307700617253
rs1241184713,1.3667738065502255,0.0011060019738740046,0.31245307700617253
rs1386714,1.3357469388082672,0.01460812434640446,0.28949064011309683
rs1647526221,1.3357469388082672,0.012713486756827708,0.28949064011309683
rs12325260,1.1618342427293202,0.010838308596986757,0.15000000000089264
rs531885346,1.1618342427293202,0.00931291005388224,0.15000000000089264
rs337552,1.1119668530243618,0.0011060019738740046,0.10613038695278128
rs2676417,1.1119668530243618,0.0011060019738740046,0.10613038695278128
rs28736685,0.9374624697754009,0.0011060019738742266,-0.06457855417845504
rs75763606,0.9785543534800535,0.0011060019738740046,-0.021678945931900367
rs2083726,0.9785543534800535,0.0011060019738740046,-0.021678945931900367
rs9369551,0.9785543534800535,0.0011060019738740046,-0.021678945931900367
rs1663800581,0.9785543534800535,0.0011060019738740046,-0.021678945931900367
rs7395513,0.9785543534800535,0.0011060019738740046,-0.021678945931900367
rs60358286,1.0046927599164337,0.0011060019738740046,0.004681783245807799
rs1557395390,1.0046927599164337,0.0011060019738740046,0.004681783245807799
rs4669840,0.9982928855817614,0.0011060019738740046,-0.001708573198496622
