feature,odds_ratio,p_value,coefficient
rs1453541,0.34415378686558384,0.0008488871214913374,-1.0666666666661684
rs74582336,0.8157771636413939,0.0002674581575305979,-0.20361404508499492
rs4673360,0.8275363125707415,0.00026761701721933484,-0.18930229043300253
rs726165,0.9295146073209437,0.0002674678863558988,-0.073092756698351
rs373644525,0.9663645102119508,0.0002713502855136163,-0.03421417618043944
rs398015179,0.9765533666786594,0.0002677514487412491,-0.023725879182103917
