feature,odds_ratio,p_value,coefficient
rs6815735,4.953032424391944,0.026227964996311748,1.59999999999936
rs9908320,4.953032424391944,0.025941442572432916,1.59999999999936
rs298173,0.23640237734044744,0.04592695354852361,-1.4422199370690867
rs7334739,0.23640237734044744,0.03929348603710414,-1.4422199370690867
rs6765231,0.23640237734044744,0.03775376020108934,-1.4422199370690867
rs1259552033,0.23640237734044744,0.04419057266582094,-1.4422199370690867
rs35649980,0.23640237734044744,0.03931307424418584,-1.4422199370690867
rs12541175,1.5081081393002997,0.001652250734240468,0.4108559774260351
rs2039594649,1.5081081393002997,0.001652250734240468,0.4108559774260351
rs1960672,1.341308321689548,0.00165225073424069,0.2936454971037451
rs2728688,1.341308321689548,0.00165225073424069,0.2936454971037451
rs1171020644,1.3357469388082672,0.01486137553044875,0.28949064011309683
rs76340447,1.3357469388082672,0.012807180311570798,0.28949064011309683
rs1658428564,1.1618342427293202,0.01114630328922317,0.15000000000089264
rs532468651,1.1618342427293202,0.009628225941077373,0.15000000000089264
rs6718645,1.1119668530243618,0.001652250734240912,0.10613038695278128
rs28736685,1.1119668530243618,0.001652250734240912,0.10613038695278128
rs2083726,0.9785543534800293,0.00165225073424069,-0.02167894593192515
rs9369551,0.9785543534800293,0.00165225073424069,-0.02167894593192515
rs60358286,0.9785543534800293,0.00165225073424069,-0.02167894593192515
rs1663800581,0.9785543534800293,0.00165225073424069,-0.02167894593192515
rs1557395390,0.9785543534800293,0.00165225073424069,-0.02167894593192515
rs7395513,0.9785543534800293,0.00165225073424069,-0.02167894593192515
rs75763606,1.0046927599164146,0.00165225073424069,0.004681783245788943
rs4669840,1.0046927599164146,0.00165225073424069,0.004681783245788943
