feature,odds_ratio,p_value,coefficient
rs6765231,4.953032424391944,0.0263843492048621,1.59999999999936
rs9908320,4.953032424391944,0.029658784939869287,1.59999999999936
rs6815735,0.23640237734044744,0.039016337061871686,-1.4422199370690867
rs298173,0.23640237734044744,0.03803544443850049,-1.4422199370690867
rs7334739,0.23640237734044744,0.03986389950273028,-1.4422199370690867
rs1259552033,0.23640237734044744,0.042158043658918176,-1.4422199370690867
rs35649980,0.23640237734044744,0.04025743605640719,-1.4422199370690867
rs11663928,1.5081081393002997,0.0009525969887405061,0.4108559774260351
rs2039594649,1.5081081393002997,0.0009525969887405061,0.4108559774260351
rs540286157,1.341308321689548,0.0009525969887407282,0.2936454971037451
rs2728688,1.341308321689548,0.0009525969887407282,0.2936454971037451
rs1008048651,1.3357469388082672,0.012489527267776745,0.28949064011309683
rs76340447,1.3357469388082672,0.01390251167921197,0.28949064011309683
rs35000902,1.1618342427293202,0.009200833488781646,0.15000000000089264
rs532468651,1.1618342427293202,0.01032228487779796,0.15000000000089264
rs112217170,1.1119668530243618,0.0009525969887405061,0.10613038695278128
rs28736685,1.1119668530243618,0.0009525969887405061,0.10613038695278128
rs75763606,0.9785543534800293,0.0009525969887407282,-0.02167894593192515
rs2083726,0.9785543534800293,0.0009525969887407282,-0.02167894593192515
rs9369551,0.9785543534800293,0.0009525969887407282,-0.02167894593192515
rs60358286,0.9785543534800293,0.0009525969887407282,-0.02167894593192515
rs1557395390,0.9785543534800293,0.0009525969887407282,-0.02167894593192515
rs7395513,0.9785543534800293,0.0009525969887407282,-0.02167894593192515
rs1663800581,1.0046927599164146,0.0009525969887405061,0.004681783245788943
rs4669840,1.0046927599164146,0.0009525969887405061,0.004681783245788943
