feature,odds_ratio,p_value,coefficient
rs1259552033,4.953032424391944,0.022351944779601007,1.59999999999936
rs9908320,4.953032424391944,0.028394091964116353,1.59999999999936
rs6815735,0.23640237734044744,0.03913400971658931,-1.4422199370690867
rs298173,0.23640237734044744,0.04520766620036043,-1.4422199370690867
rs7334739,0.23640237734044744,0.042911910059690195,-1.4422199370690867
rs6765231,0.23640237734044744,0.04016733876576528,-1.4422199370690867
rs35649980,0.23640237734044744,0.03993980260352248,-1.4422199370690867
rs79874033,1.5081081393002997,0.0018633417691746867,0.4108559774260351
rs2039594649,1.5081081393002997,0.0018633417691746867,0.4108559774260351
rs1241184713,1.341308321689548,0.0018633417691742427,0.2936454971037451
rs2728688,1.341308321689548,0.0018633417691742427,0.2936454971037451
rs1647526221,1.3357469388082672,0.014722759615671377,0.28949064011309683
rs76340447,1.3357469388082672,0.015082323412691556,0.28949064011309683
rs531885346,1.1618342427293202,0.011066677703654548,0.15000000000089264
rs532468651,1.1618342427293202,0.011466540532651726,0.15000000000089264
rs2676417,1.1119668530243618,0.0018633417691744647,0.10613038695278128
rs28736685,1.1119668530243618,0.0018633417691744647,0.10613038695278128
rs75763606,0.9785543534800293,0.0018633417691746867,-0.02167894593192515
rs2083726,0.9785543534800293,0.0018633417691746867,-0.02167894593192515
rs9369551,0.9785543534800293,0.0018633417691746867,-0.02167894593192515
rs60358286,0.9785543534800293,0.0018633417691746867,-0.02167894593192515
rs1663800581,0.9785543534800293,0.0018633417691746867,-0.02167894593192515
rs7395513,0.9785543534800293,0.0018633417691746867,-0.02167894593192515
rs1557395390,1.0046927599164146,0.0018633417691744647,0.004681783245788943
rs4669840,1.0046927599164146,0.0018633417691744647,0.004681783245788943
