feature,odds_ratio,p_value,coefficient
rs1453541,0.34415378686558384,0.000641931563271747,-1.0666666666661684
rs74582336,0.8157771636413939,0.0014556958195195424,-0.20361404508499492
rs4673360,0.8275363125707415,0.0014592210183963505,-0.18930229043300253
rs726165,0.9295146073209437,0.0016959322389584752,-0.073092756698351
rs373644525,0.9663645102119508,0.0014556958195195424,-0.03421417618043944
rs398015179,0.9765533666786594,0.014388825648687487,-0.023725879182103917
rs12239443,0.9823308689140978,0.03369018727083173,-0.01782709365601331
