feature,odds_ratio,p_value,coefficient
rs6765231,4.953032424391944,0.02432316054215522,1.59999999999936
rs1259552033,4.953032424391944,0.0283260519722901,1.59999999999936
rs6815735,0.24089060802077772,0.041114331309861196,-1.4234123571666655
rs298173,0.24089060802077772,0.04625881674639709,-1.4234123571666655
rs7334739,0.24089060802077772,0.040604993968109904,-1.4234123571666655
rs35649980,0.24089060802077772,0.04359742197858374,-1.4234123571666655
rs11663928,1.5093511262290753,0.0007278694049304146,0.41167984074262176
rs79874033,1.5093511262290753,0.0007278694049304146,0.41167984074262176
rs540286157,1.3667738065502255,0.0007278694049304146,0.31245307700617253
rs1241184713,1.3667738065502255,0.0007278694049304146,0.31245307700617253
rs1008048651,1.3357469388082672,0.01147853683196165,0.28949064011309683
rs1647526221,1.3357469388082672,0.012243453304875196,0.28949064011309683
rs35000902,1.1618342427293202,0.008406961989017692,0.15000000000089264
rs531885346,1.1618342427293202,0.009005074596408091,0.15000000000089264
rs112217170,1.1119668530243618,0.0007278694049304146,0.10613038695278128
rs2676417,1.1119668530243618,0.0007278694049304146,0.10613038695278128
rs28736685,0.9374624697754009,0.0007278694049304146,-0.06457855417845504
rs75763606,0.9785543534800535,0.0007278694049304146,-0.021678945931900367
rs2083726,0.9785543534800535,0.0007278694049304146,-0.021678945931900367
rs9369551,0.9785543534800535,0.0007278694049304146,-0.021678945931900367
rs60358286,0.9785543534800535,0.0007278694049304146,-0.021678945931900367
rs7395513,0.9785543534800535,0.0007278694049304146,-0.021678945931900367
rs1663800581,1.0046927599164337,0.0007278694049304146,0.004681783245807799
rs1557395390,1.0046927599164337,0.0007278694049304146,0.004681783245807799
rs4669840,0.9982928855817614,0.0007278694049304146,-0.001708573198496622
